<?xml version="1.0" encoding="UTF-8"?>
<files>
  <file name="Bruce_Lee_1984_Datasoft_US_a2.atr" source="original">
    <format>Unknown</format>
    <mtime>1402772171</mtime>
    <size>30224</size>
    <md5>6f22413f6aea78a37cf43bf957b81567</md5>
    <crc32>f5b4aa25</crc32>
    <sha1>10b15cd5cbcf03b2f4eb6654887715bcc21b97bb</sha1>
  </file>
  <file name="screenshot_09.jpg" source="original">
    <format>JPEG</format>
    <mtime>1404723080</mtime>
    <size>120444</size>
    <md5>590ce18a04ae19b0156cbbd127e3af52</md5>
    <crc32>75abda36</crc32>
    <sha1>34e06e15cbe34eb49ebbaee030cc4ba0b8eb9130</sha1>
  </file>
  <file name="screenshot_05.jpg" source="original">
    <format>JPEG</format>
    <mtime>1404723073</mtime>
    <size>120171</size>
    <md5>c4472e8ea159733b1739a86f1b715471</md5>
    <crc32>cf9b319b</crc32>
    <sha1>ee5213af14184e1d6066cc5cd07a17d5ae9239e7</sha1>
  </file>
  <file name="a8b_Bruce_Lee_1984_Datasoft_US_a2_meta.xml" source="original">
    <format>Metadata</format>
    <mtime>1404723108</mtime>
    <size>651</size>
    <md5>b6a0b6bcf2fd928f1fbbefd229463509</md5>
    <crc32>28ea5f86</crc32>
    <sha1>14f9cb756f797fca90abadc027dffdb5c55902e2</sha1>
  </file>
  <file name="a8b_Bruce_Lee_1984_Datasoft_US_a2_meta.sqlite" source="original">
    <format>Metadata</format>
    <mtime>1404723104</mtime>
    <size>16384</size>
    <md5>37d2dd75e408ffc88aa413b7bda827ff</md5>
    <crc32>08912c33</crc32>
    <sha1>e8d96e21b94600238ba63872083a7b07f2f06026</sha1>
  </file>
  <file name="screenshot_02.jpg" source="original">
    <format>JPEG</format>
    <mtime>1404723067</mtime>
    <size>123027</size>
    <md5>7c2dad0d8eed4486cf46d75398a6a552</md5>
    <crc32>0f679415</crc32>
    <sha1>9661181cff7620ecb486423c68bd4ea74aec28be</sha1>
  </file>
  <file name="screenshot_00.jpg" source="original">
    <format>JPEG</format>
    <mtime>1404723063</mtime>
    <size>102583</size>
    <md5>e0925710687ab1d956f3dbb7294dc663</md5>
    <crc32>5fbf271c</crc32>
    <sha1>1692f82e35a76f56e8d12b28996662af2b11f07e</sha1>
  </file>
  <file name="screenshot_08.jpg" source="original">
    <format>JPEG</format>
    <mtime>1404723078</mtime>
    <size>119025</size>
    <md5>ecd534201e6a2c1aa6c5fa0bd17d60c4</md5>
    <crc32>3530ccfb</crc32>
    <sha1>5f27b4acef6888ab0c1d467f7d07d3368d2fe6d0</sha1>
  </file>
  <file name="screenshot_12.jpg" source="original">
    <format>JPEG</format>
    <mtime>1404723092</mtime>
    <size>122364</size>
    <md5>e78e692220f5b88bb9a416dbef4c99a5</md5>
    <crc32>f21385f7</crc32>
    <sha1>3d59893d6f03807da697dbb033fff686033b366e</sha1>
  </file>
  <file name="screenshot_10.jpg" source="original">
    <format>JPEG</format>
    <mtime>1404723081</mtime>
    <size>123278</size>
    <md5>41ce6ce12432cac079d5272dafec2a40</md5>
    <crc32>d2bd849a</crc32>
    <sha1>7d21091ebd498797b24f4df4f48e39335ca589ff</sha1>
  </file>
  <file name="00_coverscreenshot.jpg" source="original">
    <format>JPEG</format>
    <mtime>1404723060</mtime>
    <size>125155</size>
    <md5>9be2d33672ca25e35abf57fba63db9bc</md5>
    <crc32>b31e5121</crc32>
    <sha1>9a607b0996d61aecbe3df40d134ec02799cadba0</sha1>
  </file>
  <file name="screenshot_07.jpg" source="original">
    <format>JPEG</format>
    <mtime>1404723076</mtime>
    <size>123733</size>
    <md5>7597b87e1fedb424ec2d17835d3c0e79</md5>
    <crc32>9f51d1cc</crc32>
    <sha1>714fa78cc1c180335cc9a80b20f7d39594c1b51e</sha1>
  </file>
  <file name="Bruce_Lee_1984_Datasoft_US_a2_screenshot.gif" source="original">
    <format>Emulator Screenshot</format>
    <mtime>1404723100</mtime>
    <size>357753</size>
    <md5>306f18545ff8b7f9c856c79cda087720</md5>
    <crc32>f4afed29</crc32>
    <sha1>9858993689f3c75f8dceadbfe7d3e740805256f9</sha1>
  </file>
  <file name="screenshot_01.jpg" source="original">
    <format>JPEG</format>
    <mtime>1404723065</mtime>
    <size>119869</size>
    <md5>a465e2609a4498d32e1057ec9e73c379</md5>
    <crc32>f4024350</crc32>
    <sha1>5671a8b8d7e5d49167ea0e80a7311e3e2d5502a0</sha1>
  </file>
  <file name="a8b_Bruce_Lee_1984_Datasoft_US_a2.gif" source="original">
    <format>Animated GIF</format>
    <mtime>1404723096</mtime>
    <size>38013</size>
    <md5>7b6037b5336bf5c765c24e5f6803f5f5</md5>
    <crc32>c97602ea</crc32>
    <sha1>3e076731d25656e84d76ff68d1537c69cf26ac35</sha1>
  </file>
  <file name="screenshot_11.jpg" source="original">
    <format>JPEG</format>
    <mtime>1404723083</mtime>
    <size>119353</size>
    <md5>c26b5e1fd47d866930665d0b695e1ff9</md5>
    <crc32>fee96e44</crc32>
    <sha1>23a2bb030740e9de44d0d7ee4b6694f4df1cce97</sha1>
  </file>
  <file name="screenshot_13.jpg" source="original">
    <format>JPEG</format>
    <mtime>1404723093</mtime>
    <size>122959</size>
    <md5>389aa6d8f6d32a2b4c1815224e509a36</md5>
    <crc32>177c2167</crc32>
    <sha1>be08ef760715c56f89ea6c5de44347124af9ac54</sha1>
  </file>
  <file name="screenshot_06.jpg" source="original">
    <format>JPEG</format>
    <mtime>1404723075</mtime>
    <size>122217</size>
    <md5>f7f718b543eaebe3179012839b74997c</md5>
    <crc32>5f5a4680</crc32>
    <sha1>307bca70e0c768bee0cb5b67ec733713c9d54e12</sha1>
  </file>
  <file name="screenshot_03.jpg" source="original">
    <format>JPEG</format>
    <mtime>1404723069</mtime>
    <size>125155</size>
    <md5>9be2d33672ca25e35abf57fba63db9bc</md5>
    <crc32>b31e5121</crc32>
    <sha1>9a607b0996d61aecbe3df40d134ec02799cadba0</sha1>
  </file>
  <file name="screenshot_04.jpg" source="original">
    <format>JPEG</format>
    <mtime>1404723071</mtime>
    <size>118681</size>
    <md5>27533666fdd5001a42f5f00df8c46a74</md5>
    <crc32>860ea66d</crc32>
    <sha1>8b09727aa990e18238a5ceb51862e3c7f003dfff</sha1>
  </file>
  <file name="screenshot_06_thumb.jpg" source="derivative">
    <format>JPEG Thumb</format>
    <original>screenshot_06.jpg</original>
    <mtime>1404723115</mtime>
    <size>5151</size>
    <md5>3d63e72b772198922dcc0ba3c7f368c4</md5>
    <crc32>41b08450</crc32>
    <sha1>11d8d21563e62c2e8f077d583c38e3898cdd293b</sha1>
  </file>
  <file name="screenshot_12_thumb.jpg" source="derivative">
    <format>JPEG Thumb</format>
    <original>screenshot_12.jpg</original>
    <mtime>1404723118</mtime>
    <size>5177</size>
    <md5>ef10da6c034155556fdfd4fe78018a77</md5>
    <crc32>018ec0a8</crc32>
    <sha1>16d9f09f5471089c09e3493bb98244c484baeb28</sha1>
  </file>
  <file name="screenshot_13_thumb.jpg" source="derivative">
    <format>JPEG Thumb</format>
    <original>screenshot_13.jpg</original>
    <mtime>1404723117</mtime>
    <size>5196</size>
    <md5>a1165c656d58acf1548a32157e8c3ee3</md5>
    <crc32>f79f8e85</crc32>
    <sha1>4598f81892d122e4807293dade2b270d8600e6c3</sha1>
  </file>
  <file name="screenshot_08_thumb.jpg" source="derivative">
    <format>JPEG Thumb</format>
    <original>screenshot_08.jpg</original>
    <mtime>1404723116</mtime>
    <size>5135</size>
    <md5>2607f37379ff08bd8e950f2e9cecb7cb</md5>
    <crc32>722de923</crc32>
    <sha1>5150ed32663494aa4a6255baa3d170bbf0221f9a</sha1>
  </file>
  <file name="screenshot_04_thumb.jpg" source="derivative">
    <format>JPEG Thumb</format>
    <original>screenshot_04.jpg</original>
    <mtime>1404723115</mtime>
    <size>5138</size>
    <md5>7bac4a9d2c8657437fdf5c2e537b0fe6</md5>
    <crc32>b77f952e</crc32>
    <sha1>fe7def4ca8c16a1e7de813e4f7e37adf33118d47</sha1>
  </file>
  <file name="screenshot_09_thumb.jpg" source="derivative">
    <format>JPEG Thumb</format>
    <original>screenshot_09.jpg</original>
    <mtime>1404723118</mtime>
    <size>5133</size>
    <md5>5e626ca391ec2479a2cc6408d31841bd</md5>
    <crc32>33ab9945</crc32>
    <sha1>de8f4574ab33b474553aad865ded12c2e2dc1d02</sha1>
  </file>
  <file name="screenshot_10_thumb.jpg" source="derivative">
    <format>JPEG Thumb</format>
    <original>screenshot_10.jpg</original>
    <mtime>1404723116</mtime>
    <size>5206</size>
    <md5>1df2cdc79a9ed20a9bfe459b46f9ba96</md5>
    <crc32>2b670c1d</crc32>
    <sha1>0bea5a2252d198a104c25bbd1dd81b55694da6be</sha1>
  </file>
  <file name="screenshot_11_thumb.jpg" source="derivative">
    <format>JPEG Thumb</format>
    <original>screenshot_11.jpg</original>
    <mtime>1404723116</mtime>
    <size>5147</size>
    <md5>2a2304314d592615b3bce8a3e74e24c8</md5>
    <crc32>fd04bfc3</crc32>
    <sha1>5e47e68b5498569f9c4ccae4913bbdd75645fc11</sha1>
  </file>
  <file name="screenshot_07_thumb.jpg" source="derivative">
    <format>JPEG Thumb</format>
    <original>screenshot_07.jpg</original>
    <mtime>1404723117</mtime>
    <size>5162</size>
    <md5>6eb053a0893208c46c2f4f3ddf21820c</md5>
    <crc32>2d128876</crc32>
    <sha1>664a79e73c5419e376ef7f216312ab1b74711c5f</sha1>
  </file>
  <file name="screenshot_00_thumb.jpg" source="derivative">
    <format>JPEG Thumb</format>
    <original>screenshot_00.jpg</original>
    <mtime>1404723113</mtime>
    <size>4242</size>
    <md5>7a583db88d3ad16bfa8f107e2cee3ce8</md5>
    <crc32>f8125090</crc32>
    <sha1>1e688921a516942753ffcb5550113980367e73b0</sha1>
  </file>
  <file name="screenshot_01_thumb.jpg" source="derivative">
    <format>JPEG Thumb</format>
    <original>screenshot_01.jpg</original>
    <mtime>1404723115</mtime>
    <size>5144</size>
    <md5>74b2ad2e619ff000cdce19d0e6e99f2c</md5>
    <crc32>e9accfa3</crc32>
    <sha1>48ca2e959a178ccb8b151109bcb3019277f50e4e</sha1>
  </file>
  <file name="screenshot_02_thumb.jpg" source="derivative">
    <format>JPEG Thumb</format>
    <original>screenshot_02.jpg</original>
    <mtime>1404723113</mtime>
    <size>5181</size>
    <md5>5d0f06ca0c81cfdf88260dec229dda09</md5>
    <crc32>fa6ee648</crc32>
    <sha1>56d854113503d82bcd68702ff4dc02e55dbb6329</sha1>
  </file>
  <file name="00_coverscreenshot_thumb.jpg" source="derivative">
    <format>JPEG Thumb</format>
    <original>00_coverscreenshot.jpg</original>
    <mtime>1404723114</mtime>
    <size>5195</size>
    <md5>15cd44802afbeb90afcce8e64ba2c536</md5>
    <crc32>e6bcb090</crc32>
    <sha1>aac0025cbacbfd4221d1a94163d1070904b3f773</sha1>
  </file>
  <file name="screenshot_05_thumb.jpg" source="derivative">
    <format>JPEG Thumb</format>
    <original>screenshot_05.jpg</original>
    <mtime>1404723114</mtime>
    <size>5164</size>
    <md5>165bdcae675f99adc50da5180a825dc4</md5>
    <crc32>095a952a</crc32>
    <sha1>481a8385fb08b0dfe1a6e9a621cbf78f12e5230b</sha1>
  </file>
  <file name="screenshot_03_thumb.jpg" source="derivative">
    <format>JPEG Thumb</format>
    <original>screenshot_03.jpg</original>
    <mtime>1404723114</mtime>
    <size>5195</size>
    <md5>15cd44802afbeb90afcce8e64ba2c536</md5>
    <crc32>e6bcb090</crc32>
    <sha1>aac0025cbacbfd4221d1a94163d1070904b3f773</sha1>
  </file>
  <file name="a8b_Bruce_Lee_1984_Datasoft_US_a2_archive.torrent" source="metadata">
    <btih>819751aef32c0396a5dccf8b0a8bb977498c82f9</btih>
    <mtime>1404723124</mtime>
    <size>7553</size>
    <md5>b5a775746d340aa0df21cc150b733caa</md5>
    <crc32>8d26ecf0</crc32>
    <sha1>652eb57e81156c824ed9eef5ab18efd86e9535ed</sha1>
    <format>Archive BitTorrent</format>
  </file>
  <file name="a8b_Bruce_Lee_1984_Datasoft_US_a2_files.xml" source="original">
    <format>Metadata</format>
    <md5>3d4b3509fea9191e38e0a3b78f64269c</md5>
  </file>
</files>
