<?xml version="1.0" encoding="UTF-8"?>
<metadata>
  <identifier>a8b_Bruce_Lee_1984_Datasoft_US_a2</identifier>
  <collection>atari_8bit_library_games</collection>
  <description>Bruce Lee (1984)(Datasoft)(US)[a2]</description>
  <emulator>a800</emulator>
  <emulator_ext>atr</emulator_ext>
  <language>eng</language>
  <mediatype>software</mediatype>
  <scanner>Internet Archive Python library 0.6.5</scanner>
  <title>Bruce Lee (1984)(Datasoft)(US)[a2]</title>
  <publicdate>2014-06-14 18:56:11</publicdate>
  <uploader>jscott@archive.org</uploader>
  <addeddate>2014-06-14 18:56:11</addeddate>
  <collection>softwarelibrary</collection>
</metadata>
